Števno mesto;Številka ceste;Številka odseka;Števna točka;Ime števnega mesta;Tip štetja;Šteje se ena smer;Leto roč. (avt.) štetja;Koordinata E;Koordinata N
2;208;1059;6.470;Kubed;QLTC10;; ;411738;42376
3;101;0231;2.280;Kovor;QLTC8;; ;444779;133187
4;907;1101;664;Fužine;MWTC1;;2019_14;427092;138115
5;905;1096;9.060;Mrzli studenec 1;MWTC1;;2020_14;422076;134905
6;106;0215;3.040;Škofljica;QLTC8;;;466060;95006
7;905;1097;35;Mrzli studenec 2;MWTC1;;2020_14;421974;134847
8;906;1100;205;Mrzli studenec 3;MWTC1;;2020_14;421817;134940
9;633;1098;2.677;Srednja vas v Bohinju;QLTC10;; ;417122;129109
10;111;0239;2.920;Seča;QLTC8;;;391564;40509
11;H5;0237;240;Bertoki HC;QLTC8;Smer 1; ;403251;45880
12;753;1544;1.000;Orehovje;MWTC1;;2022_14;399768;116232
13;111;0373;2.910;Izolska obvoznica;QLTC8;; ;394116;43770
14;11;1062;13.942;MT Dragonja;QLTC44;; ;395018;36277
15;430;0033;1.950;Maribor ;QLTC8;; ;550691;156245
16;430;0032;4.130;Meljska ;QLTC8;; ;550749;158527
17;430;0881;560;Hoče;QLTC8;; ;550048;150783
18;1;0326;75;MB Koroški most;QLTC8;; ;548112;158270
19;1;0246;3.180;MB Ptujska;QLTC10;; ;552042;153958
20;454;1400;710;Miklavž sever;QLTC8;; ;552700;153115
21;622;6848;12.790;Neverke;MWTC1;;2022_14;432986;59096
22;409;0307;5.511;Senožeče;QLTC10;;2019_14;425856;65361
23;614;1049;5.954;Kobjeglava;MWTC1;;2021_14;407757;75637
24;204;1014;4.000;Kopriva;MWTC1;;2022_14;409414;72168
25;445;0349;6.465;Senadolice;QLTC10;; ;418940;66312
26;106;0216;154;Škofljica 2;QLTC10;; ;467202;93857
27;433;1289;1.955;Trate;MWTC1;;2019_14;560014;174321
28;433;1288;11.036;Zgornja Ščavnica 1;MWTC1;;2019_14;561950;169262
29;433;1288;11.269;Zgornja Ščavnica 2;MWTC1;;2019_14;561816;169452
30;730;4104;2.601;Sveta Ana;MWTC1;;2019_14;564930;166533
31;696;7912;2.160;Velenje;QLTC10;; ;508081;136921
32;696;7919;2.806;Plešivec;MWTC1;;2022_14;508215;141163
33;696;6904;3.446;Podgorje pri Slov. Gradcu;MWTC1;;2021_14;506508;147984
34;225;1246;3.000;Letuš 2;QLTC10;; ;501394;130923
35;426;7949;495;Paška vas;QLTC10;; ;501000;133628
36;695;7951;3.409;Podvin pri Polzeli ;MWTC1;;2019_14;503838;130147
37;225;1246;10.870;Orla vas;QLTC10;; ;505442;124567
38;430;0274;7.550;Bukovec;QLTC8;; ;548283;143706
39;903;1021;5.280;Livek;MWTC1;;2022_14;391758;119035
40;694;1268;13.290;Breg pri Polzeli;QLTC10;; ;506807;126001
41;414;1349;28.245;Ločica;QLTC10;; ;495577;120897
42;715;5645;2.690;Markišavci;QLTC10;;;589256;172543
43;725;5672;2.271;Sebeborci;MWTC1;;2021_14;591690;174848
44;442;1318;1.520;Martjanci;QLTC10;; ;591746;172686
45;439;1300;830;Dobrovnik;QLTC10;;2019_14;602292;168778
46;729;4207;8.503;Beltinci;QLTC10;; ;595483;163651
47;729;4206;2.195;Velika Polana;MWTC1;;2021_14;602909;159835
48;430;0278;1.390;Dobrnež;QLTC10;; ;534819;133735
49;430;0280;2.875;Zeče 2;QLTC10;; ;530506;135507
51;411;1428;960;Naklo;QLTC8;; ;447806;125429
52;211;0212;1.700;Medvode;QLTC*;; ;454286;112211
53;439;1302;803;Bratonci;MWTC1;;2019_14;592492;165108
54;447;0294;2.200;Depala vas;QLTC10;; ;466811;110622
55;448;0220;2.165;Trebnje 2;QLTC8;; ;499980;85037
56;430;0280;3.120;Zeče;QLTC10;; ;530345;135659
57;934;6838;1.670;Sežana 2;QLTC10;; ;412634;62458
59;405;6845;2.692;Vremski Britof 1;MWTC1;;2019_14;422460;60147
60;1;0241;8.210;Gortina;QLTC10;; ;509352;162948
61;1;0245;16.380;Brestrnica;QLTC10;; ;544275;158701
62;2;0250;12.145;Cvetkovci;QLTC10;; ;581789;142136
64;447;0290;4.490;Tabor;QLTC10;; ;501580;123180
65;732;8215;687;Pondor;MWTC1;;2019_14;500252;122610
66;928;1253;655;Mozirje;QLTC10;;2019_14;496789;133647
67;430;0281;166;Stranice;QLTC10;; ;528310;135630
68;430;0282;1.780;Vojnik;QLTC8;; ;523385;127190
69;447;0286;2.280;Drešinja vas;QLTC10;; ;515548;122794
70;451;1448;1.190;Žalec;QLTC10;; ;513931;124528
71;447;0291;5.959;Trojane 2;QLTC10;; ;492344;117077
72;447;0292;2.580;Trojane;QLTC10;; ;489998;116015
73;104;0295;1.134;Trzin;QLTC8;; ;465676;109608
74;102;1460;200;Kalce;QLTC10;; ;437436;84288
75;934;6840;423;Lokev 2;MWTC1;;2021_14;413572;60610
76;409;0306;550;Postojna;QLTC*;; ;437117;70301
77;409;0308;7.920;Divača;QLTC10;; ;419926;60577
78;409;0310;2.531;Kačiče;MWTC1;;2019_14;419036;56647
79;409;0313;3.750;Dekani;QLTC8;; ;406889;45866
80;622;6848;835;Vremski Britof 2;MWTC1;;2019_14;423651;60134
81;444;0347;7.570;Ozeljan;QLTC10;; ;401485;89150
82;6;0338;4.390;Prestranek;QLTC8;; ;436670;66252
83;6;0343;755;Koseze;QLTC10;; ;440739;46371
84;449;0314;9.040;Močna;QLTC10;; ;558924;159022
85;449;0315;10.615;Ihova;QLTC10;; ;569816;166766
86;230;0366;4.425;Šratovci;QLTC8;; ;578672;168271
87;443;0321;3.825;Odranci;QLTC;; ;597638;161753
88;443;0322;7.140;Hotiza;QLTC10;; ;604352;157770
89;109;0357;631;Lendava 2;MWTC1;;2019_14;610759;157574
90;5;0328;4.405;Košnica;QLTC8;; ;518756;118668
91;5;0329;1.000;Rimske Toplice;QLTC10;; ;515619;109099
92;5;0331;2.610;Radeče;QLTC10;; ;514541;103026
93;602;1032;255;Staro selo - Breginj;MWTC1;;2022_14;386256;124081
94;731;8209;2.030;Braslovče;MWTC1;;2019_14;503424;127098
95;5;0336;2.260;Žadovinek;QLTC10;; ;537613;88648
96;203;1004;4.030;Srpenica;QLTC10;; ;385715;128163
97;102;1006;11.548;Peršeti;QLTC8;; ;400570;116773
98;607;5723;2.730;Grgar;MWTC1;;2019_14;397901;96613
99;103;1009;9.950;Solkan;QLTC10;; ;395487;93855
100;102;1033;5.740;Hotedršica;QLTC10;; ;433363;87624
101;5;0332;3.970;Vrhovo;QLTC10;; ;517390;99960
102;210;1114;665;Cerkno;QLTC10;; ;421074;109717
103;5;0361;2.275;Krško;QLTC10;; ;537435;92465
104;102;1038;3.660;Slap ob Idrijci;QLTC10;; ;407300;109992
105;207;1057;1.000;Godovič;QLTC8;; ;428741;91007
106;210;1078;2.000;Godešič;QLTC8;; ;449833;114344
107;403;1077;110;Škofja Loka;QLTC8;; ;446967;114396
108;403;1071;435;Bača;QLTC10;; ;404929;112810
109;209;1088;2.710;Bled;QLTC8;; ;432630;136744
110;209;1089;7.570;Bohinjska Bela;QLTC8;; ;427601;131643
111;210;1109;4.655;Dorfarje;QLTC;; ;448108;117502
112;210;1110;5.360;Log;QLTC10;; ;440339;110439
114;108;1181;4.904;Dol;QLTC8;; ;472620;105628
115;104;1138;1.730;Topole;QLTC10;; ;465994;116238
116;104;1139;2.437;Loka;QLTC8;; ;466544;112419
117;106;0261;8.900;Želimlje;QLTC10;; ;468226;85042
118;105;1511;310;NM Obvoznica;QLTC8;; ;513303;75399
119;106;0265;5.960;Štalcerji;QLTC10;; ;489798;47954
120;108;1180;3.230;Šentjakob;QLTC10;; ;467423;105791
121;108;1181;12.270;Senožeti;QLTC10;; ;479551;105446
122;108;1184;4.130;Trbovlje 4;QLTC8;; ;502697;109393
123;108;1185;4.530;Hrastnik;QLTC10;; ;506864;109049
124;108;1186;3.290;Suhadol;QLTC8;; ;509363;107544
125;219;1236;6.190;Zg.Brežnica;QLTC10;; ;544246;132678
126;219;1237;8.870;Podplat;QLTC10;; ;544123;123160
127;223;1229;138;Trbovlje 2;QLTC10;; ;502700;110402
128;219;1239;9.860;Podčetrtek;QLTC10;; ;546968;113325
129;219;1242;13.430;Bukošek;QLTC10;; ;548831;86534
131;4;1258;3.720;Bukovska vas;QLTC8;; ;503767;156670
132;4;1261;2.640;Črnova;QLTC10;; ;511057;134270
133;4;1262;5.180;Velika Pirešica;QLTC8;; ;513855;126908
134;107;1274;10.160;Šentjur;QLTC10;; ;530076;119407
135;687;7207;4.100;Hotunje;QLTC10;; ;533263;123458
136;107;1276;150;Podplat 2;QLTC8;; ;544492;122910
137;232;1315;11.050;Vaneča;QLTC10;; ;589317;178676
138;225;1246;3.469;Letuš;QLTC10;; ;501655;130593
139;225;1248;9.160;Prihova;QLTC10;; ;496436;131725
140;726;1324;8.275;Miklavž pri Ormožu;QLTC10;; ;593267;147094
141;109;1453;453;MT Dolga vas;QLTC8;; ;611804;162541
142;441;1298;10.300;MT Gederovci;QLTC10;; ;580218;171532
143;109;0357;3.550;MT Petišovci;QLTC10;; ;610613;154772
144;433;1289;2.070;MT Trate;QLTC10;;;560075;174419
145;690;1234;2.934;Stogovci;MWTC1;;2021_14;558866;133863
146;443;1397;95;Lipovci;QLTC10;; ;592499;166552
147;448;1510;5.650;Karteljevo;QLTC10;;2019_14;512112;78320
148;232;1406;910;MS-Bakša;QLTC8;; ;591015;168726
149;11;1062;1.400;Koper;QLTC8;; ;401071;43626
150;11;1062;11.545;Pesjanci;QLTC10;; ;396344;38036
151;208;1060;736;Gračišče;MWTC1;;2019_14;412469;40074
152;914;2402;6.080;Zelše;MWTC1;;2022_14;447623;72870
153;409;0301;6.820;Zapolje;QLTC10;; ;441157;89155
154;218;1215;780;MT Vinica;QLTC;; ;519443;35194
155;105;0258;1.285;MT Metlika;QLTC8;; ;525154;55169
156;230;1507;3.000;MT Ormož;QLTC10;; ;588845;141045
158;728;4815;19.320;Rakitna;MWTC1;;2022_14;455881;85364
160;112;1256;1.796;Ravne;QLTC;; ;498710;156668
161;728;1148;4.450;Ig;QLTC10;;;464001;90600
162;655;6643;5.310;Grčarice;MWTC1;;2019_14;480841;57110
163;216;1176;987;Dvor;QLTC8;; ;498125;73525
164;664;2501;12.090;Ljuben;QLTC10;; ;509786;65542
165;409;0358;2.380;Gorjanc;QLTC10;; ;456471;98932
166;425;1419;885;Pesje;QLTC10;; ;506255;136473
167;425;1267;270;Šoštanj;QLTC10;; ;504085;137171
168;426;1269;1.250;Lokovica;QLTC10;; ;504472;135896
169;924;3559;3.612;Kališe;MWTC1;;2019_14;476687;126845
172;104;0087;80;S Vpadnica;QLTC8;; ;464639;107256
173;652;1457;12.180;Velika Loka;QLTC10;;2019_14;497564;88459
174;H3;0089;971;S Obvoznica;QLTC8;Smer 2; ;461430;105074
175;697;5514;7.323;Šmartno ob Dreti;MWTC1;;2019_14;491658;127136
176;426;7949;4.602;Rečica ob Paki;QLTC10;; ;502661;131198
177;105;0255;1.580;NM Žabja vas;QLTC8;; ;514050;73498
178;A1;0018;2.287;J Obvoznica;QLTC8;; ;462713;97888
180;A1;0050;961;V Obvoznica;QLTC8;; ;466913;99637
181;921;4306;1.990;Vače;MWTC1;;2022_14;486724;108954
182;417;4326;713;Tihaboj;MWTC1;;2021_14;498601;95514
183;672;3927;1.035;Dolenje Ravno;MWTC1;;2022_14;528752;84250
184;675;1207;5.462;Ribnica;MWTC1;;2021_14;551743;81127
185;677;2202;11.770;Zgornja Pohanca;MWTC1;;2022_14;542359;93298
186;424;1166;11.750;Podgorje;QLTC10;; ;528213;102626
187;681;4006;11.758;Šentrupert;MWTC1;;2019_14;527394;114433
188;107;1275;14.068;Mestinje;QLTC10;; ;543312;121194
189;403;1075;7.725;Železniki;QLTC10;; ;434169;119849
190;209;1089;980;Bled jezero;QLTC10;; ;430969;136369
191;671;2237;2.105;Podbočje;MWTC1;;2020_14;536776;80263
192;629;1479;350;Beli križ;QLTC10;; ;389730;42925
193;105;0257;132;NM Ločna;QLTC10;; ;513790;76191
194;651;0252;470;NM Karteljevo;QLTC8;; ;512190;77812
195;686;1279;2.975;Škedenj;MWTC1;;2022_14;533823;129445
196;2;1290;605;Devina;QLTC8;; ;546667;140076
197;206;1028;6.875;Vršič;QLTC8;; ;403643;141553
198;206;1029;22.050;Koritnica;QLTC10;; ;390227;134699
199;H3;0090;939;Dravlje HC;QLTC8;Smer 1; ;459008;104150
200;104;1136;220;KR Primskovo 1;QLTC8;; ;452407;122629
201;428;1250;8.930;Solčava;QLTC10;; ;476693;142166
202;428;1249;3.000;Ljubno;QLTC10;; ;486681;134165
203;204;1012;6.420;Prvačina;QLTC8;; ;400111;83933
204;204;1013;5.540;Branik;QLTC10;; ;405972;80559
205;204;1015;2.530;Tomaj;QLTC10;; ;411331;68501
206;446;1016;70;Sežana;QLTC10;; ;412627;63984
207;940;1018;2.021;Vreme;MWTC1;;2022_14;421638;58342
208;611;1024;3.910;Batuje;QLTC10;; ;404936;84461
209;613;1437;2.730;Kromberk;QLTC10;; ;396777;91635
210;405;1022;6.930;Buje;QLTC10;; ;429622;56913
212;102;1030;3.097;Kobarid;MWTC1;;2019_14;390249;124140
213;612;1042;418;Plave;MWTC1;;2019_14;390716;100873
215;614;1048;5.560;Kostanjevica;QLTC10;; ;394839;78664
216;614;1049;2.710;Tomačevica;QLTC10;;;404702;75932
217;614;1050;9.420;Manče;QLTC10;; ;417495;75891
218;617;1054;250;Komen;QLTC10;; ;402311;75809
219;402;1426;4.190;Podsabotin;QLTC8;; ;392372;95027
220;206;1027;2.625;Erika;QLTC10;; ;406692;148640
221;625;1061;4.784;Vrtine;QLTC10;; ;407495;44300
222;103;1486;1.905;Panovec;QLTC8;; ;394849;90316
223;936;1063;3.277;Malo Polje;MWTC1;;2020_14;419920;84760
224;608;1065;490;Lokve;MWTC1;;2022_14;406223;97917
225;608;1067;3.301;Solkan - Lokve;MWTC1;;2019_14;396490;94665
226;630;1069;1.789;Prem;MWTC1;;2019_14;436444;51983
227;103;1447;905;Šempeter RD;QLTC10;; ;394763;88995
228;413;1079;1.800;Valburga;QLTC10;; ;455768;114268
229;413;1080;2.660;Žeje;QLTC8;; ;463095;117069
230;413;1081;1.610;Križ;QLTC10;; ;466324;117616
231;225;1083;180;Kamnik Fužine;QLTC10;; ;469973;121375
232;225;1248;5.400;Nizka;QLTC8;; ;493283;130665
233;225;1084;3.870;Podstudenec;QLTC10;;;472775;124816
234;225;1085;12.020;Gornji Grad;QLTC10;; ;486012;128817
235;634;1094;690;Spodnje Gorje;QLTC10;; ;429789;138197
236;905;1096;194;Krnica;QLTC10;;2020_14;427351;137743
237;225;1085;2.555;Tirosek;QLTC10;; ;478401;125790
239;633;1099;1.762;Jereka;MWTC1;;2020_14;419759;128775
240;904;1093;1.868;Bohinjsko jezero;MWTC1;;2020_14;412484;127171
241;634;1104;3.430;Kočna;QLTC10;; ;429473;142375
242;210;1106;8.310;Kokra;QLTC10;; ;461332;131189
244;210;1108;190;KR Primskovo 2;QLTC8;; ;452082;122452
245;212;1117;1.070;Rakek;QLTC10;; ;447796;74512
246;212;1118;6.286;Grahovo;QLTC10;; ;455088;70302
247;212;1119;4.200;Nova vas;QLTC10;; ;461575;70455
248;212;1120;1.365;Zamostec;QLTC10;; ;472667;68618
249;210;1107;2.950;Visoko;QLTC10;; ;455278;126378
250;635;1121;7.290;Kamna Gorica;QLTC10;; ;437171;131125
251;635;1122;714;Kamna Gorica 2;MWTC1;;2019_14;438920;129005
252;615;5736;2.910;Vogrsko;QLTC10;; ;399560;87238
253;909;1125;1.439;Nemški Rovt;MWTC1;;2020_14;420256;126243
254;636;1126;40;Kamna Gorica 3;MWTC1;;2022_14;438943;129714
255;209;1092;5.605;Ribčev Laz;QLTC10;; ;414562;126699
256;638;1131;1.375;Zabreznica;QLTC10;; ;434397;140116
257;638;1132;1.505;Begunje 2;MWTC1;;2022_14;439610;138089
258;410;1134;10.100;Tenetiše;QLTC10;; ;449544;128415
259;225;1140;2.294;Šmarca;QLTC10;; ;468242;117098
260;639;1141;5.570;Povodje;QLTC10;; ;459689;111390
261;639;1142;4.460;Spodnji Brnik;MWTC1;;2022_14;460492;120487
262;204;1012;1.825;Volčja Draga;QLTC10;; ;396859;86655
263;407;1144;4.048;Todraž;MWTC1;;2019_14;435773;104386
264;407;1145;6.860;Horjul;QLTC10;; ;445967;98026
265;642;1146;8.710;Borovnica;QLTC10;; ;450694;87482
266;642;1147;3.983;Podkraj;QLTC10;;2021_14;458654;92894
267;409;0300;770;Brezovica;QLTC8;; ;455443;98518
268;214;1157;4.680;Smuka;QLTC10;; ;494474;68972
269;650;1159;3.810;Dobrava;QLTC10;; ;496718;79460
270;215;1162;10.815;Bistrica;QLTC10;; ;508805;91147
271;423;1281;6.437;Jelce;QLTC8;; ;534222;112303
273;646;1444;115;Cikava;QLTC8;; ;471834;91734
274;683;1169;175;Lesično;MWTC1;;2019_14;540235;107178
275;647;1173;1.675;Veliko Mlačevo;QLTC10;; ;474321;89318
276;647;1174;2.970;Veliko Mlačevo 2;MWTC1;;2019_14;476674;87477
277;216;1175;4.555;Zagradec;QLTC10;; ;487246;79936
278;216;1158;2.950;Mačkovec pri Dvoru;QLTC8;; ;496698;75285
279;216;1177;5.220;Podturn;QLTC10;; ;503361;66570
280;216;1178;13.478;Lokve;QLTC8;; ;514022;49927
281;660;1179;795;Črnomelj;QLTC10;; ;515484;47346
282;417;1187;5.106;Moravče;QLTC10;;2019_14;497081;95066
283;652;1457;6.010;Čatež;MWTC1;; ;497525;91972
284;417;1190;1.340;Mala Kostrevnica;MWTC1;; ;489175;99996
285;665;1191;22.955;Jagnjenica;QLTC10;; ;510129;102642
286;679;1192;1.730;Loka;MWTC1;;2020_14;516089;102094
287;933;1193;12.165;Jurklošter;MWTC1;;2022_14;525834;105976
288;646;1443;1.800;Šmarje - Sap;QLTC10;; ;470982;92392
289;448;1196;1.995;Ivančna Gorica;QLTC10;; ;486247;89338
291;418;1200;480;Škocjan 1;QLTC10;;2019_14;519681;85407
292;423;1282;2.950;Šonovo;MWTC1;;2019_14;541958;104923
293;418;1202;2.070;Drama;QLTC8;; ;525680;81613
294;419;1203;7.435;Potok;QLTC10;; ;507716;71625
295;419;1204;10.040;Mokro Polje;QLTC10;; ;521383;77163
296;419;1205;10.074;Malo Mraševo 2;QLTC10;; ;534953;80918
297;419;1206;7.200;Župeča vas;QLTC10;; ;541291;83040
298;733;5831;3.520;Dolenjske Toplice;QLTC10;; ;504434;68947
299;217;1209;211;Brezovica pri Predgradu;MWTC1;;2021_14;503233;45687
300;217;1209;19.325;Blatnik;QLTC10;; ;512795;46972
301;661;1210;3.050;Drašiči;MWTC1;;2022_14;528640;58682
302;218;1212;1.045;Podzemelj;QLTC10;; ;520190;52365
303;218;1214;5.490;Dragatuš;QLTC10;; ;513662;42235
304;415;1216;2.070;Krtina;QLTC10;; ;473977;111835
305;415;1217;7.085;Kandrše;QLTC8;; ;487614;110363
306;221;1218;2.885;Kisovec;QLTC10;; ;496716;111371
307;221;1219;4.075;Bevško;QLTC10;; ;502097;111423
308;218;1394;1.125;Kanižarica;QLTC8;; ;513361;46905
309;221;1221;5.005;Hrastnik;MWTC1;;2020_14;506256;114005
310;221;1222;3.500;Marno;QLTC10;; ;510193;111116
311;711;9013;3.622;Brunšvik;MWTC1;;2021_14;555214;145070
312;682;1441;9.891;Ledinščica;MWTC1;;2020_14;538691;107956
313;424;1225;2.820;Dobje;QLTC10;; ;530025;110891
314;221;1227;5.300;Izlake;QLTC10;; ;494073;113329
315;4;1260;7.820;Paka pri Velenju;QLTC8;; ;510838;137437
316;234;1476;1.750;Dole;QLTC10;; ;529705;123135
317;688;1232;267;Žiče;QLTC10;; ;537146;130546
318;688;1233;4.843;Modraže;QLTC10;; ;548806;130377
319;227;1264;2.940;Brdinje;QLTC8;; ;498681;154197
320;429;1422;3.330;Črnova 2;QLTC10;; ;514229;131536
321;429;1245;1.510;Višnja vas;QLTC8;; ;522079;129670
323;425;1265;860;Poljana;QLTC8;; ;489537;155560
324;425;1266;14.525;Topolščica;QLTC10;;2019_14;503807;139144
325;639;1141;1.930;LJ Tacen;QLTC10;; ;458395;108665
326;694;1268;2.532;Arnače;QLTC10;; ;508728;133356
327;701;1430;2.007;Pesek;MWTC1;;2021_14;526750;146051
328;701;1270;3.475;Lovrenc na Pohorju;QLTC10;; ;530669;156369
329;4;1259;372;Šmartno SG;QLTC10;; ;507511;150786
330;700;1272;6.200;Oplotnica 2;QLTC10;; ;534093;138340
331;700;1273;7.360;Ložnica;QLTC10;; ;540203;138267
332;447;0292;19.870;Šentvid;QLTC10;; ;474456;113651
333;423;1282;5.500;Kozje;QLTC*;;;543773;103461
334;441;1298;10.155;Gederovci;QLTC8;; ;580397;171534
335;423;1283;3.183;Podsreda 2;MWTC1;;2019_14;548296;100482
336;432;1284;8.090;Stoperce;QLTC10;; ;555046;127594
337;107;1277;7.103;MT Dobovec;QLTC8;; ;558614;119140
338;229;1286;14.980;Gočova;QLTC10;; ;566594;156617
339;433;1288;3.190;Žerjavci;QLTC10;; ;563810;162796
340;228;1291;13.500;MT Zavrč;QLTC8;; ;580943;139396
341;228;1291;7.105;Stojnci;QLTC10;; ;575529;137774
342;710;1292;5.975;Dogoše;QLTC8;; ;554798;153048
343;941;1541;4.405;Kapelski Vrh;QLTC10;; ;579010;164870
344;440;1296;1.100;Cankova;QLTC10;; ;578356;176662
345;441;1298;3.155;Černelavci;QLTC8;; ;587069;170042
346;439;1301;2.185;Renkovci;QLTC10;; ;597502;166771
347;439;1302;3.920;Dokležovje;QLTC10;; ;590538;162871
348;429;1245;5.645;Lemberg;QLTC10;; ;518768;131420
349;439;1305;3.940;Kraljevci;QLTC8;; ;574915;158750
350;438;1306;4.624;Selnica ob Muri;QLTC10;; ;552635;172530
352;230;1308;560;Radenci;QLTC10;; ;580335;166920
353;230;1309;3.065;Noršinci;QLTC10;; ;589925;156100
354;230;1310;9.000;Ivanjkovci;QLTC10;; ;588836;147680
355;2;1313;7.730;Grabe;QLTC10;; ;596627;140544
356;721;1317;15.288;Dolič;MWTC1;;2021_14;583556;189064
357;439;1303;8.245;Berkovci;MWTC1;;2019_14;582809;157337
358;442;1319;9.920;Mostje;QLTC10;; ;609880;162532
359;726;1321;2.975;Turnišče;QLTC10;; ;601090;164866
360;726;1322;2.480;Sr. Bistrica;QLTC10;; ;597575;157769
361;438;1307;9.440;Apače;QLTC10;; ;568662;173443
362;225;1359;1.250;Kamnik;QLTC10;; ;469440;118486
363;712;1331;15.465;Pacinje;QLTC8;; ;572747;146283
364;422;1333;13.020;Senovo;QLTC8;; ;536885;96784
365;422;1333;5.510;Veliki Kamen;QLTC10;; ;541696;99575
366;219;1242;16.810;Brežice;QLTC10;; ;546888;84497
367;220;1334;6.200;Dolenja vas;QLTC10;; ;543297;89902
368;420;1335;2.000;Mostec;QLTC10;; ;548615;84602
369;672;1338;7.725;Podlipa;QLTC10;;;529411;86254
370;408;1374;13.450;Zavratec;QLTC10;; ;434022;95380
371;673;1340;5.570;Malo Mraševo;QLTC10;; ;534975;81143
372;919;1341;3.215;Krasinec;MWTC1;;2021_14;521934;49647
373;919;1466;9.965;Vinica 1;MWTC1;;2022_14;520093;35880
374;919;1343;886;Vinica 2;MWTC1;;2021_14;519117;35282
375;416;1347;1.090;Črni Potok;QLTC10;; ;487897;99456
376;414;1349;12.800;Laze;QLTC10;; ;481358;119848
377;431;1350;11.800;Vitanje;QLTC10;; ;522972;138141
378;704;1353;3.350;Vuhred;QLTC10;;2019_14;517995;160697
379;704;1355;5.785;Janževski vrh;QLTC10;; ;524759;157388
380;644;1356;2.840;Sneberje;QLTC8;; ;467649;104840
381;644;1357;330;Podgorica;QLTC10;; ;467855;106123
382;644;1358;4.540;Nožice;QLTC10;; ;468744;116193
383;642;1360;830;Ig 2;QLTC10;; ;463547;91698
384;213;1366;10.070;MT Babno Polje;QLTC10;; ;465572;56400
385;653;1363;4.635;Travna gora;MWTC1;;2020_14;469341;67586
386;213;1365;5.670;Stari trg;QLTC10;; ;458686;64360
387;216;1367;623;Mrzlo Polje;QLTC10;; ;484891;88036
388;647;1368;1.030;Malo Mlačevo;QLTC10;; ;474545;87945
389;641;1369;13.500;Log pri Polhovem Gradcu;QLTC10;; ;450658;103898
390;610;1370;361;Dolenja Trebuša;MWTC1;;2022_14;410374;106238
391;416;1346;700;Litija;QLTC8;; ;487829;101981
392;640;1373;6.780;Laze pri Logatcu;QLTC10;; ;443251;80142
393;408;1374;550;Logatec;QLTC10;; ;440099;87440
394;408;1375;2.045;Žiri;QLTC10;; ;431022;102374
395;102;1461;940;Logatec 2;QLTC10;; ;440224;86067
396;632;1378;2.938;Vrbovo;QLTC10;;;443641;45858
397;404;1379;9.660;Rečica;QLTC10;; ;439552;48207
398;404;1380;12.995;Drskovče;QLTC10;; ;439392;57420
399;737;9017;3.135;Podova;QLTC10;; ;553661;143544
400;448;0223;1.820;Otočec;QLTC10;; ;516350;77132
401;674;1384;8.720;Škocjan 2;MWTC1;;2022_14;523223;86512
402;667;1385;5.360;Šmarješke Toplice;QLTC10;; ;519391;80862
403;406;1407;3.905;Ankaran;QLTC10;; ;401607;49224
405;102;1040;4.335;Prapetno;QLTC10;; ;403126;115365
406;102;1037;7.005;Stopnik;QLTC10;; ;414945;108097
407;418;1199;9.837;Zbure;QLTC10;; ;518933;85873
408;210;1111;2.145;Hotavlje;QLTC10;; ;431720;107836
409;210;1112;2.890;Trebija;QLTC10;; ;428359;104991
410;106;0262;12.370;Žlebič;QLTC10;; ;476374;69464
411;423;1243;900;MT Bistrica ob Sotli;QLTC10;; ;551055;103477
412;219;1240;3.880;Lastnič;QLTC8;; ;547788;105830
413;219;1241;5.820;Bizeljsko;QLTC10;; ;553399;98369
414;432;1440;10;MT Rogatec;QLTC44;; ;554002;120599
415;683;1414;880;MT Imeno;ROČNO;;10x4;547127;110089
416;418;1201;2.030;Dobruška vas;QLTC10;; ;523823;83636
417;5;0370;1.273;Celje Lava;QLTC10;; ;518947;121973
418;205;1026;8.424;MT Lipica;QLTC8;; ;412761;57743
419;619;1025;4.600;Dol pri Vogljah;QLTC10;; ;407662;65985
420;107;1274;1.700;Celje Teharje;QLTC8;; ;522587;121682
421;711;9006;1.515;Rače;QLTC10;; ;550740;146101
422;616;1056;7.770;Brestovica;MWTC1;;2022_14;393003;75753
424;2;0250;2.470;Borovci;QLTC10;; ;572388;142443
425;713;4910;30.340;Rogoznica;QLTC10;; ;568762;143247
426;2;0393;65;Šikole 3;QLTC8;; ;554748;141224
427;207;1413;2.155;Budanje;QLTC10;; ;420251;82888
428;684;7460;2.445;Buče;MWTC1;;2022_14;544440;107316
429;436;1328;6.855;Zgornja Kungota;QLTC10;; ;547092;166741
430;232;1314;445;MT Hodoš;QLTC10;; ;602092;187756
431;231;1325;350;MT Gibina;QLTC10;; ;600364;154260
432;112;1255;2.870;Prevalje;QLTC;; ;492562;156011
433;713;4910;26.396;Dornava;QLTC10;; ;572377;144035
434;425;1265;21.230;Javorje;QLTC10;; ;495790;144809
435;670;1244;4.975;MT Bizeljsko (Orešje);ROČNO;;08x1;556321;100834
436;646;1195;9.579;Zgornja Draga;QLTC8;; ;481372;89966
437;645;1189;5.650;Besnica;QLTC10;; ;473475;99575
438;710;1292;13.522;Vurberk;QLTC10;; ;560984;150690
439;427;1351;12.890;Podmeja;QLTC;; ;504476;116326
441;432;1285;5.544;Lovrenc;QLTC10;; ;559917;137431
442;433;1287;2.938;Lenart vzhod;QLTC8;; ;564196;159178
443;440;1294;3.264;Sodišinci;QLTC10;; ;580302;171488
444;440;1295;1.441;Krajna;MWTC1;;2019_14;580101;172791
445;657;1345;7.870;Osilnica;MWTC1;;2021_14;476631;43509
446;235;0317;1.520;Petanjci;QLTC10;; ;580553;168522
447;102;1036;5.600;Otalež;QLTC;; ;422165;103779
448;215;1163;12.255;Jelovec;QLTC10;; ;518871;94463
449;608;1068;8.558;Dolenja Trebuša 2;MWTC1;;2019_14;409519;105589
450;218;1211;4.965;Podzemelj 3;MWTC1;;2019_14;521393;52954
451;660;1342;25;Dolenjci 2;MWTC1;;2022_14;523161;43972
452;658;1433;2.020;Predgrad;QLTC10;; ;504512;40483
453;620;6831;2.970;Kazlje;QLTC10;; ;415305;69574
454;933;1193;225;Breg 1;MWTC1;;2022_14;518779;100795
455;606;5703;165;Kanal;MWTC1;;2019_14;394173;106093
456;609;2117;4.989;Lokavec;MWTC1;;2021_14;414152;86816
457;618;6807;882;Branik 1;MWTC1;;2019_14;406158;79919
458;618;6805;4.981;Volčji Grad;MWTC1;;2021_14;405289;72402
459;930;7065;17.735;Oplotnica;MWTC1;;2021_14;534166;139536
460;421;2506;3.190;Semič;QLTC10;; ;514167;56369
461;648;3601;4.554;Zvirče 1;MWTC1;;2020_14;486028;71499
462;649;2915;10.590;Zvirče 2;MWTC1;;2021_14;486673;71942
463;648;3601;6.260;Zvirče 3;MWTC1;;2019_14;487303;71123
464;639;1142;720;Vodice;QLTC10;; ;460671;117115
465;654;3611;5.230;Kočevska Reka;QLTC10;; ;484661;48290
466;217;1208;7.568;Rajndol;QLTC10;; ;496370;47547
467;917;3621;675;Željne;MWTC1;;2019_14;491585;57444
468;658;2517;9.485;Stari trg;MWTC1;;2022_14;507486;39238
469;421;2507;2.280;Osojnik;QLTC10;; ;517588;60767
470;614;1408;261;Miren;QLTC10;; ;392272;85248
471;676;2204;1.660;Artiče;QLTC10;; ;545602;90713
472;615;5740;1.930;Bukovica;QLTC10;; ;396130;85061
473;615;5736;3.100;Vogrsko 2;QLTC10;; ;399538;87054
474;6;0340;4.100;Dolnja Bitnja;QLTC10;; ;436012;52444
475;668;5846;2.988;Gabrje;MWTC1;;2021_14;520289;73826
476;419;1204;4.960;Ratež;QLTC10;;;517844;75428
477;926;6506;3.980;Pristava;MWTC1;;2022_14;484969;147446
479;235;1516;1.266;MS Krog;QLTC10;; ;588569;166986
480;4;1257;500;Dravograd;QLTC8;; ;501771;160594
481;689;6260;8.535;Čermožiše;QLTC10;; ;559492;125488
482;703;6303;679;Muta;MWTC1;;2021_14;510611;163667
483;702;2703;7.080;Trbonje 1;MWTC1;;2022_14;508005;162661
484;702;2704;675;Trbonje 2;MWTC1;;2019_14;507894;162068
485;702;2703;7.642;Trbonje 3;MWTC1;;2019_14;508483;162818
486;706;6301;35;Ožbalt;MWTC1;;2022_14;530545;160535
487;232;1314;8.030;Peskovci;QLTC10;; ;595419;185921
488;709;8615;3.065;Celestrina;QLTC10;; ;554777;157622
489;716;5637;5.080;Bodonci;QLTC10;; ;583413;178978
490;715;5645;9.294;Lemerje 3;MWTC1;;2021_14;583837;174994
491;715;5645;8.184;Lemerje 2;MWTC1;;2021_14;584929;174941
492;725;5668;1.044;Fokovci;MWTC1;;2021_14;596189;177883
493;439;1299;7.485;Kobilje;MWTC1;;2019_14;603466;169013
494;442;1318;10.290;Filovci;QLTC10;; ;599872;170369
495;929;1332;6.100;Hočko Pohorje;QLTC;; ;546083;149675
497;621;1412;9.582;Hrušica;QLTC10;; ;431163;80901
498;915;2427;25.070;Kozarišče;MWTC1;;2022_14;459067;59808
499;232;1316;1.600;Murska Sobota sever;QLTC10;; ;590293;170795
500;111;0239;7.200;MT Sečovlje;QLTC*;; ;392233;36986
501;624;3721;15.475;Rakitovec;MWTC1;;2022_14;419494;35075
502;208;1060;6.825;MT Sočerga;QLTC10;; ;414470;35965
503;7;0356;455;MT Starod;QLTC8;; ;438194;39613
504;6;0343;9.430;MT Jelšane;QLTC8;; ;443298;39478
505;623;3718;5.521;Podgorje;MWTC1;;2019_14;415915;45226
506;653;1364;18.735;MT Podplanina;ROČNO;;04x4;472810;50392
507;106;0266;2.480;MT Petrina;ROČNO;;09 QLD3;488503;36079
508;660;1342;9.295;MT Žuniči;ROČNO;;09x4;528601;37872
509;659;2515;675;MT Sodevci;ROČNO;;08x1;505864;38365
510;935;9042;2.380;Kopivnik;MWTC1;;2022_14;547478;146828
511;A2;0029;7.940;MT Obrežje;QLTC8;; ;553596;79018
512;A2;0029;910;Čatež AC;QLTC8;; ;548111;82848
513;676;2216;2.365;MT Rakovec;ROČNO;;08x1;554554;87118
514;678;2215;670;MT Stara vas;ROČNO;;08x1;554659;93059
515;677;2203;110;MT Nova vas;ROČNO;;08x1;555061;96337
516;6;0341;4.512;Topolc;MWTC1;;2019_14;438439;49786
517;685;7450;1.546;MT Rajnkovec;MWTC1;;2020_14;549639;119554
519;915;1376;2.131;Ilirska Bistrica;MWTC1;;2019_14;442124;47723
520;692;6223;7.495;MT Meje;ROČNO;;09x1;578543;132015
521;690;1235;14.438;MT Leskovec;MWTC1;;2019_14;572713;129670
522;2;1313;11.500;MT Središče ob Dravi;QLTC10;; ;599966;139322
523;632;3224;605;Novokračine;MWTC1;;2021_14;443743;39716
524;722;1446;120;MT Martinje;ROČNO;;09x4;587259;191105
525;662;5407;7.990;MT Božakovo;ROČNO;;09x4;531625;56673
526;7;0355;4.490;Male Loče;QLTC10;; ;430019;44840
527;630;1070;207;Golac;MWTC1;;2019_14;428682;44923
528;604;5701;538;Ročinj;MWTC1;;2020_14;397553;108625
529;605;5702;93;Kambreško;MWTC1;;2022_14;395679;110722
530;452;0368;1.640;Jesenice zahod;QLTC8;; ;425326;145478
531;452;0368;6.090;SL Javornik;QLTC10;; ;429147;143650
532;603;1041;3.190;Kozaršče;QLTC10;; ;401144;114247
533;102;1039;2.080;Bača pri Modreju;QLTC10;;2019_14;404590;112492
534;609;1066;11.693;Lazi;MWTC1;;2022_14;404634;112182
535;203;1003;2.200;Bovec;QLTC10;; ;388612;133682
536;203;1002;12.585;Kluže;MWTC1;;2022_14;391456;136656
537;902;1019;1.501;Mangart;MWTC1;;2020_14;392815;143929
538;403;1073;4.222;Petrovo brdo 1;MWTC1;;2019_14;422752;119915
539;403;1074;518;Petrovo brdo 2;MWTC1;;2020_14;422961;119839
540;909;1129;170;Petrovo brdo 3;MWTC1;;2020_14;425058;121260
541;910;1130;5.238;Spodnja Sorica;MWTC1;;2019_14;427294;119469
542;403;1075;3.245;Zali Log;MWTC1;;2020_14;430393;118910
543;635;1127;62;Rudno 1;MWTC1;;2019_14;435752;123110
544;635;1122;15.140;Rudno 2;MWTC1;;2022_14;435762;123236
545;911;1123;599;Rudno 3;MWTC1;;2020_14;435318;123514
546;103;1007;1.684;Volče;MWTC1;;2019_14;400275;115395
547;636;1126;5.344;Gobovce;MWTC1;;2019_14;443149;128535
548;636;1529;1.790;Podtabor-1;MWTC1;;2022_14;443974;130321
549;636;1529;2.506;Podtabor-2;QLTC10;; ;444220;130972
550;402;1045;4.500;MT Neblo;QLTC8;; ;382445;97190
551;401;1020;5.300;MT Učja;ROČNO;;08x1;379593;129908
552;698;6505;2.630;MT Mežica;MWTC1;;2022_14;486676;154469
553;436;1329;5.430;MT Jurij;QLTC10;; ;542250;167631
554;101;0230;865;Zvirče;MWTC1;;2019_14;444425;131358
555;410;1133;235;Tržič;QLTC10;; ;445764;135335
556;410;1134;4.315;Senično;QLTC10;; ;447404;132715
557;452;0207;3.072;Vrba ;QLTC8;; ;434532;138401
558;444;0347;14.660;Rožna dolina;QLTC10;; ;395706;89841
559;614;1047;1.824;Miren-3;MWTC1;;2020_14;391331;83718
560;615;5740;4.640;Bilje;MWTC1;;2020_14;393558;84856
561;647;1172;425;Grosuplje;QLTC10;; ;473520;91806
562;742;4806;5.710;Brezovica 2;QLTC10;; ;454592;97286
563;643;1362;1.140;Rakitna-2;MWTC1;;2020_14;455734;83016
564;448;1197;3.624;Medvedjek;MWTC1;;2021_14;493321;87768
565;667;1385;1.080;Zbure 2;QLTC10;; ;519401;84515
566;448;1512;435;Mačkovec 2;QLTC10;;;514382;76265
567;688;1231;645;Slovenske Konjice;QLTC10;;;533375;133007
568;686;1278;3.331;Žiče 2;QLTC10;; ;536962;130973
569;430;0276;685;Slovenska Bistica;QLTC8;; ;542873;137809
570;430;1452;879;Brinje;MWTC1;;2021_14;545882;140020
571;703;6304;1.558;Muta 2;MWTC1;;2019_14;510978;163176
572;709;8615;220;Malečnik;QLTC10;; ;552400;157802
573;1;0244;5.300;Ožbalt;QLTC8;;;529424;160594
574;2;0398;2.940;Ormož;QLTC10;; ;589516;142193
575;230;1311;1.150;Pavlovci;QLTC10;; ;590054;142576
576;230;1399;2.230;Iljaševci;QLTC10;; ;586103;160330
577;225;1247;601;Ljubija;QLTC10;;2019_14;497977;133293
578;695;1458;1.745;Gorenje;QLTC8;; ;499967;133286
579;425;1265;5.650;Mežica;QLTC10;; ;489835;152097
580;5;0328;14.420;Strmca;QLTC10;; ;516368;111853
581;5;0333;60;Boštanj;QLTC8;; ;522472;97066
582;221;1220;210;Trbovlje;QLTC10;; ;502669;110756
583;222;1228;1.603;Zagorje-most;QLTC8;; ;499608;108990
584;224;1230;1.180;Hrastnik 2;PRAZNO;; ;507197;109809
585;744;2346;8.379;Svetina;MWTC1;;2022_14;523289;116451
586;432;6276;2.150;Kidričevo;QLTC10;; ;561438;140981
587;439;1304;1.960;Jamna;QLTC10;; ;578772;158480
588;918;3652;1.900;Dol pri Pregradu;MWTC1;;2022_14;503972;39453
589;940;3214;992;Zavrhek;MWTC1;;2021_14;422811;56877
590;630;1069;11.865;Pregarje-1;MWTC1;;2022_14;431952;49308
591;940;3213;50;Pregarje-2;MWTC1;;2022_14;432027;49280
592;630;1069;11.800;Pregarje-3;MWTC1;;2022_14;431995;49329
593;940;3214;22.630;Pregarje-4;MWTC1;;2021_14;431088;49494
594;714;2806;2.123;Spodnji Ivanjci - 1;MWTC1;;2022_14;575205;161944
595;714;2807;46;Spodnji Ivanjci - 2;QLTC10;;2022_14;575173;162015
596;747;2805;9.360;Spodnji Ivanjci - 3;MWTC1;;2019_14;575136;161833
597;747;4120;1.510;Sveta Trojica v Slov. Goricah;MWTC1;;2019_14;565607;160367
598;641;1369;19.828;Dobrova;QLTC10;; ;455186;101544
599;608;1067;1.170;Solkan 2;QLTC10;; ;396269;94383
600;1;0245;6.080;Zgornji Boč;QLTC10;; ;535104;157969
601;A2;0022;7.610;Višnja Gora AC;QLTC8;; ;480360;90882
602;A2;0026;3.395;Draga AC;QLTC8;Smer 2; ;522116;81081
603;452;0206;4.800;Moste pri Žirovnici;QLTC8;; ;433231;141134
604;7;0354;2.590;Gradišče;QLTC10;; ;426424;46176
605;1;0243;7.845;Brezno;QLTC10;; ;524202;161968
606;454;1400;8.680;Starše;QLTC8;; ;558464;147893
607;105;0256;9.130;Gorjanci;QLTC10;; ;517302;66743
608;430;0277;2.350;Vrhole;QLTC10;; ;540009;136629
609;447;0367;3.755;Šempeter;QLTC10;; ;509687;124017
610;447;0293;250;Želodnik;QLTC10;; ;472321;113198
611;409;0300;9.360;Drenov Grič;QLTC10;; ;447929;95075
612;409;0304;6.730;Ravbarkomanda;QLTC10;; ;440660;73603
613;445;0349;11.790;Štorje;QLTC10;; ;414517;65334
614;409;0311;5.490;Petrinje;QLTC10;; ;414658;48879
615;6;0339;8.455;Mala Pristava;QLTC10;; ;433901;55920
616;103;1008;5.990;Doblar;QLTC10;; ;398672;109097
617;102;1034;3.310;Idrija;QLTC8;; ;425181;95462
618;403;1076;7.095;Bukovica;QLTC10;; ;441490;118153
619;106;0263;16.510;Stara Cerkev;QLTC10;; ;487294;58832
620;108;1183;10.265;Renke;QLTC10;; ;496195;105931
621;4;1259;10.695;Mislinja;QLTC10;; ;515072;144665
622;107;1275;2.960;Stopče;QLTC10;; ;533524;119273
623;235;0318;4.040;Tropovci;QLTC8;; ;584386;168461
624;444;1473;4.345;Log pri Vipavi;QLTC10;; ;417337;81292
625;211;0211;2.870;Meja pri Kranju;QLTC8;; ;451377;118335
627;104;1136;6.560;Brnik;QLTC8;; ;458448;121729
628;437;0268;7.485;Ranca;QLTC8;; ;551430;164786
630;5;0335;2.760;Impoljca;QLTC10;; ;529464;94388
631;201;0203;4.490;Gozd Martuljek;QLTC8;; ;411142;150072
632;452;0208;2.630;Radovljica;QLTC10;; ;436824;134673
634;448;0221;3.792;Trebnje;QLTC10;; ;507529;83006
635;H4;0376;2.790;Ajdovščina HC;QLTC8;; ;412051;83384
636;231;1327;290;Stročja vas;QLTC10;; ;594502;153118
637;710;0247;1.400;Ptuj Zahod;QLTC10;; ;565812;142228
638;2;0249;800;Ptuj Vzhod;QLTC10;; ;568786;141891
639;454;1495;590;Zgornja Hajdina;QLTC10;; ;563970;141827
641;2;0392;4.800;Šikole 2;QLTC10;; ;554184;141208
643;211;0212;5.480;Medno;QLTC8;; ;456481;109566
644;444;0344;6.330;Podgrič;QLTC10;; ;422885;71867
645;A2;0020;5.265;Šmarje Sap AC;QLTC8;; ;469082;93608
646;A2;0003;2.980;Lipce AC;QLTC8;; ;432961;141094
647;A2;0006;5.015;Naklo AC;QLTC8;; ;447041;126633
648;A1;0040;2.700;Lopata AC;QLTC8;; ;519258;123948
650;406;1407;8.170;MT Lazaret;QLTC10;; ;400454;51310
651;H5;0388;20;MT Škofije;QLTC8;; ;406136;49835
652;7;0353;2.850;MT Kozina;QLTC8;; ;414571;54144
653;A3;0070;1.520;MT Fernetiči;QLTC8;; ;409366;62926
654;444;0348;90;MT Rožna Dolina;QLTC8;; ;394269;90011
655;102;1031;300;MT Robič;QLTC10;; ;384320;121004
657;203;1002;450;MT Predel;QLTC8;; ;391102;143246
658;202;0234;295;MT Rateče;QLTC8;; ;400794;151637
659;201;0201;215;MT Korensko sedlo;QLTC8;; ;404177;153673
660;101;0232;690;MT Ljubelj;QLTC10;; ;443116;143946
661;210;1105;60;MT Jezersko;QLTC10;; ;463639;142205
662;112;1254;190;MT Holmec;QLTC;; ;487830;158576
663;1;0240;1.000;MT Vič;QLTC10;; ;499586;162125
664;437;0267;1.003;MT Šentilj SC;QLTC8;; ;549582;171881
665;230;0327;100;MT Gornja Radgona;QLTC8;; ;575551;171971
666;440;1296;15.220;MT Kuzma;QLTC10;; ;580280;188805
667;688;1232;9.070;Čadramska vas;QLTC10;; ;544276;129900
668;434;1352;6.065;MT Radelj;QLTC8;; ;515815;167220
669;639;1143;950;Zgornji Brnik;QLTC10;; ;460320;121921
670;2;0395;120;Ptuj jezero;QLTC10;; ;567415;141281
671;H4;0380;2.095;MT Vrtojba;QLTC8;; ;393230;87558
672;699;1263;8.610;MT Libeliče;ROČNO;;09x1;495748;164820
673;A2;0001;3.655;MT Karavanke;QLTC8;; ;422512;146305
674;A1;0030;110;MT Šentilj AC;QLTC8;; ;549400;172465
675;443;1320;6.495;MT Pince;QLTC10;; ;617180;154800
676;420;1335;6.487;MT Rigonce;QLTC10;; ;552786;83917
677;675;1481;2.647;MT Slovenska vas;QLTC44;; ;553115;78321
678;108;1182;8.640;Zgornji Log;QLTC10;; ;486785;104558
679;102;1005;1.860;Idrsko;QLTC10;; ;391196;122559
681;440;1296;9.670;Sveti Jurij;QLTC10;; ;578981;184503
683;419;1205;550;Šentjernej;QLTC10;; ;526773;78407
684;409;0309;1.055;Škocjan;QLTC10;; ;419631;59539
686;741;0235;1.840;Spodnje Škofije;QLTC8;; ;405276;48194
687;107;1276;7.000;Cerovec;QLTC10;; ;549789;123367
688;444;0346;135;Ajdovščina 2;QLTC8;; ;413698;83522
689;5;1401;940;Medlog;QLTC10;; ;516756;124182
690;234;1280;80;Lokarje;QLTC10;; ;529622;122073
691;742;4806;2.875;Notranje Gorice;QLTC8;; ;453800;94777
692;645;1188;1.250;Zadvor;QLTC10;; ;468404;100272
693;103;1390;300;Solkan 3;QLTC8;; ;395439;93471
694;752;1403;550;Ljubečna;QLTC10;; ;523967;123649
695;430;0282;6.960;CE Hudinja;QLTC10;; ;521421;122789
696;107;1276;11.150;Brezovec;QLTC10;; ;552702;121121
697;452;0208;4.080;Radovljica 2;QLTC10;; ;437818;133738
698;749;4109;1.895;Jurovski Dol;MWTC1;;2022_14;560005;163616
699;444;0347;8.770;Tri hiše;QLTC10;; ;400575;89882
700;643;1436;2.170;Preserje;QLTC10;; ;455267;90582
702;628;1427;980;Dragonja;QLTC10;;;393083;36864
703;666;8115;9.281;Zagorje 3;MWTC1;;2020_14;499895;107217
705;705;1432;7.980;Fala;MWTC1;;2022_14;533215;155892
706;435;1431;4.170;Laznica;QLTC8;; ;543999;157749
707;411;1429;4.394;Dobro Polje;QLTC10;; ;440297;131713
708;411;1428;6.360;Podbrezje;QLTC8;; ;444504;128765
709;679;3909;185;Breg;MWTC1;;2022_14;518881;100727
710;435;1439;2.305;Selnica;QLTC10;; ;538347;156345
711;701;1430;21.075;Zreče;QLTC10;; ;530376;135820
712;725;5677;1.202;Andrejci;MWTC1;;2021_14;593226;175891
713;679;3909;21.013;Brestanica;MWTC1;;2020_14;535743;94426
714;721;1317;1.998;Gor. Petrovci;MWTC1;;2021_14;592403;187123
715;679;3909;10.180;Gornje Brezovo;QLTC10;; ;525830;95998
716;412;0210;325;KR Labore;QLTC10;; ;449771;121906
717;412;0359;900;KR Sejem;QLTC8;; ;449972;122686
718;412;1454;1.470;KR Zlato polje;QLTC10;; ;449434;123766
719;723;5691;225;Šalovci;MWTC1;;2021_14;597339;187845
720;724;5693;1.701;Krplivnik;MWTC1;;2021_14;600633;186248
721;724;4210;5.291;Motvarjevci;MWTC1;;2021_14;602266;176568
725;8;0213;1.880;LJ Celovška Dravlje;QLTC8;; ;459366;105349
726;748;2412;7.640;Podstrmec;MWTC1;;2022_14;467108;73945
732;626;3726;6.604;Brezovica;MWTC1;;2021_14;410154;35000
733;713;4910;15.644;Savci;MWTC1;;2021_14;579541;148461
734;701;1430;14.970;Boharina;QLTC10;; ;528504;140250
735;444;0345;970;Gradišče pri Vipavi;QLTC10;; ;418770;77524
736;409;0303;3.121;Grčarevec;QLTC10;;;438914;81742
737;216;1178;70;Srednja vas;MWTC1;;2019_14;507850;59149
738;220;1334;7.198;Spodnja Pohanca;QLTC10;; ;544183;89854
739;5;0330;5.800;Zidani Most;QLTC10;;;514220;105354
740;752;7206;2.300;Ljubečna 2;QLTC10;; ;524629;125049
741;427;1351;920;Latkova vas;QLTC10;; ;507257;123024
742;106;0266;2.400;Petrina 1;QLTC10;; ;488578;36121
743;657;3610;110;Petrina 2;QLTC10;; ;488418;36121
744;106;0264;3.490;Kočevje;QLTC10;; ;489656;54393
745;661;1210;4.020;Drašiči;QLTC10;; ;528109;58438
746;;1398;50;Murska Sobota Gaj;QLTC8;;;587302;168467
747;644;1356;930;LJ Šmartno;QLTC10;; ;466093;103896
748;208;1434;1.480;Črni Kal;QLTC10;; ;411932;46118
749;918;3617;8.870;Fara;MWTC1;;2022_14;492515;37822
750;106;0265;14.190;Banja Loka;MWTC1;;2019_14;489898;41407
751;106;0263;5.630;Goriča vas;QLTC10;; ;479617;65366
752;112;1255;6.158;Dobja vas;QLTC8;; ;495476;156145
753;691;6251;1.771;Goričak;MWTC1;;2021_14;581048;138226
754;103;1008;17.880;Deskle;QLTC10;; ;392259;102174
755;402;1465;1.230;Šmartno v Brdih;QLTC10;; ;388164;97183
756;107;1238;1.860;Podplat 3;QLTC10;; ;544182;122893
757;423;1226;2.080;Črnolica;QLTC8;; ;532507;118112
758;717;5614;1.096;Korovci;MWTC1;;2021_14;577280;176711
759;718;5620;1.758;Pertoča;MWTC1;;2021_14;577827;182357
760;719;5621;236;Rogašovci;MWTC1;;2021_14;578754;185532
761;716;5630;1.332;Grad;MWTC1;;2021_14;583042;185988
763;690;1235;2.736;Videm pri Ptuju;MWTC1;;2021_14;568611;137115
764;712;1331;13.140;Gabrnik;MWTC1;;2021_14;573287;148250
765;734;4121;5.031;Gradiščak;MWTC1;;2022_14;572731;149334
766;739;6219;1.135;Destrnik;MWTC1;;2022_14;567580;149891
767;745;4116;2.852;Drstelja;MWTC1;;2021_14;565430;149740
768;680;1224;397;Jurklošter 2;MWTC1;;2020_14;526200;105862
769;680;1223;14.946;Jurklošter 3;MWTC1;;2022_14;525828;106064
770;627;3716;930;Gabrovica;QLTC10;; ;411281;47380
771;208;1149;648;Kortine;MWTC1;;2019_14;410931;45272
772;625;1061;7.590;Sv. Anton;MWTC1;;2021_14;409739;43292
773;452;0208;6.089;Podvin;MWTC1;;2020_14;439689;133429
774;907;1102;4.725;Mojstrana;MWTC1;;2022_14;418676;147079
775;908;1383;2.776;Mojstrana - Vrata;MWTC1;;2022_14;417980;146744
776;201;0204;990;Dovje;QLTC8;; ;419000;147777
777;201;0203;1.108;Kranjska Gora;QLTC10;; ;408057;150354
778;202;0233;2.790;Podkoren;QLTC10;;2020_14;404516;151017
779;901;1001;544;Planica;MWTC1;;2020_14;402013;150828
780;923;1087;2.257;Kamniška Bistrica;MWTC1;;2019_14;470358;127047
781;104;1137;4.670;Komenda;QLTC10;; ;463811;118166
782;445;0350;1.530;Sežana 3 ;QLTC10;; ;411157;63446
783;617;1055;164;Gorjansko;MWTC1;;2021_14;399810;74280
784;647;1368;13.715;Predstruge;MWTC1;;2020_14;475100;79722
785;648;2912;4.720;Kompolje;MWTC1;;2019_14;478264;74752
786;744;2346;1.613;Kompole;MWTC1;;2020_14;524538;119643
787;744;2346;16.461;Jagoče;MWTC1;;2022_14;518260;114114
788;738;6727;6.433;Šentjanž;MWTC1;;2021_14;513278;97052
789;632;1378;15.640;Novokračine;MWTC1;;2022_14;446372;39298
790;631;3223;13;Starod;MWTC1;;2022_14;436704;39950
791;618;6804;49;Krajna vas;MWTC1;;2021_14;407136;70243
792;2;0393;7.415;Njiverce;QLTC8;; ;562076;141705
793;449;1543;735;Lenart;QLTC10;; ;563104;159789
794;449;0316;160;Podgrad pri Gornji Radgoni;QLTC8;; ;574249;171728
799;448;1514;2.670;Draga;QLTC10;; ;522026;81027
802;A1;0035;0;Hoče AC;QLTC8;; ;550548;147668
803;A1;0062;2.140;Dekani AC;QLTC8;; ;408855;46435
805;A1;0151;210;Priklj. Logatec;PRAZNO;; ;442281;85711
806;A2;0024;7.270;Zagorica AC;QLTC8;; ;510030;80516
808;A1;0157;212;Priklj. Divača -LJ;QLTC8;;;419480;59275
809;A1;0157;611;Priklj. Divača-KP;QLTC8;;;419467;59275
810;A2;0103;192;Priklj. Lesce-Jesenice;QLTC8;; ;435288;136777
811;A2;0103;375;Priklj. Lesce-Kranj;QLTC8;; ;435295;136776
812;A1;0058;3.060;Čebulovica AC;QLTC8;; ;421282;62796
813;A3;0068;6.213;Dane AC;QLTC8;; ;414765;64248
815;H4;0379;1.644;Bazara HC;QLTC8;; ;398273;87206
816;H4;0778;655;Selo HC;QLTC8;; ;405408;84950
818;A1;0155;567;Priklj. Senožeče;PRAZNO;; ;422600;65107
821;A1;0158;655;Priklj. Kozina-LJ;QLTC8;; ;416960;52981
822;A1;0055;5.280;Ravbarkomanda AC;QLTC8;; ;441005;73262
823;A1;0158;1.625;Priklj. Kozina-KP;QLTC8;; ;416935;52993
824;A1;0152;120;Priklj. Unec-LJ;QLTC8;; ;444569;76401
825;A1;0152;525;Priklj. Unec-KP;QLTC8;; ;444686;76310
826;A1;0153;205;Priklj. Postojna-LJ;QLTC8;; ;437609;69377
827;A1;0153;1.200;Priklj. Postojna-KP;QLTC8;; ;437515;69104
828;A1;0197;120;Priklj. Razdrto-LJ;QLTC8;; ;428114;69347
829;A1;0197;485;Priklj. Razdrto-KP;QLTC8;; ;427940;69164
830;A1;0046;3.617;Pšata AC;QLTC8;; ;468892;107364
831;A1;0169;857;Priklj. Lukovica-LJ;PRAZNO;; ;475790;113923
832;A2;0013;2.180;Kamna Gorica AC;QLTC8;; ;458267;104826
834;A1;0044;8.225;Kompolje AC;QLTC8;Smer 1; ;476649;114504
835;A1;0143;400;Priklj. Krtina-LJ;QLTC8;;;473113;112709
836;A1;0043;5.940;Jasovnik AC;QLTC8;; ;494206;119797
837;A1;0031;4.765;Pesnica AC;QLTC8;; ;549969;166969
838;A1;0037;4.961;Preloge AC;QLTC8;; ;539614;136234
839;A1;0042;6.453;Vransko AC;QLTC8;; ;499113;124019
840;A1;0066;1.160;Ptujska AC;QLTC8;; ;551515;152823
841;A5;0810;1.289;Vučja vas AC;QLTC8;; ;585757;162589
842;A1;0142;50;Priklj. Blagovica-CE;PRAZNO;; ;482653;114542
843;A1;0142;280;Priklj. Blagovica-LJ;PRAZNO;; ;484205;114902
844;A1;0136;300;Priklj. Sl.Konjice-MB;PRAZNO;; ;536651;133424
845;A1;0136;1.260;Priklj. Sl.Konjice-CE;PRAZNO;; ;536614;133364
846;A1;0137;400;Dramlje-MB;QLTC8;; ;530263;124860
847;A1;0137;799;Dramlje-CE;QLTC8;; ;530244;124859
848;A1;0134;976;Priklj. Fram-MB;QLTC8;; ;550169;145891
849;A1;0134;1.000;Priklj. Fram-CE;QLTC8;; ;550171;145907
850;A2;0009;1.430;Voglje AC;QLTC8;; ;457695;119157
851;A1;0143;26;Priklj. Krtina-CE;QLTC8;;;472849;112689
853;A2;0010;3.200;Povodje AC;QLTC8;; ;459848;113098
854;A1;0052;9.320;Drenov Grič AC;QLTC8;; ;447850;94820
855;A2;0015;905;Bokalce AC;QLTC8;; ;457260;101051
856;A1;0135;270;Priklj. Sl.Bistrica-MB;QLTC8;; ;543989;138515
857;A1;0135;1.140;Priklj. Sl.Bistrica-CE;QLTC8;; ;544000;138493
858;A1;0150;269;Priklj. Vrhnika-LJ;PRAZNO;; ;445930;92328
859;A1;0150;1.110;Priklj. Vrhnika-KP;PRAZNO;; ;446041;92320
860;H5;0388;1.725;Škofije HC;QLTC8;; ;405279;48446
861;H5;0456;90;Priklj. Plavje-KP;QLTC*;; ;406111;49447
862;H5;0456;146;Priklj. Plavje-MP;QLTC*;; ;406085;49490
863;A3;0070;1.055;Sežana AC;QLTC8;; ;409770;63161
864;A3;0486;500;Priklj. Fernetiči;QLTC8;; ;409772;63117
865;H4;0375;4.493;Dolga Poljana HC;QLTC8;; ;416716;81734
866;H4;0443;40;Priklj. Selo-Ajdovščina;QLTC8;; ;405828;84796
867;H4;0443;176;Priklj. Selo-Vrtojba;QLTC8;; ;406085;84587
868;A1;0199;125;Priklj. Šentilj-S;QLTC8;; ;549614;172027
869;A1;0030;1.037;Šentilj AC;QLTC8;; ;549816;171650
870;A2;0023;3.080;Dob AC;QLTC8;; ;487729;88171
873;A2;0418;695;Priklj. Drnovo-NM;QLTC8;; ;536363;86044
874;A2;0418;2.310;Priklj. Drnovo-Čatež;QLTC8;; ;536334;86082
875;A2;0027;12.634;Drnovo AC;QLTC8;; ;535331;86143
876;A2;0407;150;Priklj. Šmarje Sap-NM;PRAZNO;; ;469435;93308
877;A5;0806;1.688;Dragučova AC;QLTC8;; ;553441;161746
878;A5;0463;150;PR Pernica - MB;QLTC8;; ;557366;159703
879;A5;0463;270;PR Pernica - MS;QLTC8;; ;557626;159756
880;H4;0380;1.240;Šempeter HC;QLTC8;; ;394080;87644
881;A5;0174;142;Priklj. Vučja vas-MB;QLTC10;; ;584923;161967
882;A5;0174;546;Priklj. Vučja vas-MS;QLTC10;; ;584812;162194
884;A5;0814;620;Lendava AC;QLTC8;; ;609921;161314
885;A5;0185;140;Priklj. Lendava-MS;QLTC8;; ;610641;158247
886;A5;0185;380;Priklj. Lendava-Pince;QLTC8;; ;610770;158381
887;A5;0175;575;Priklj. MS-MB;QLTC8;; ;588664;166587
888;A5;0175;2.695;Priklj. MS-Lendava;QLTC8;; ;588517;166790
889;A1;0071;2.474;Malečnik AC;QLTC8;; ;552678;158007
890;A4;0091;10.645;Prepolje AC;QLTC8;; ;559280;145546
891;H3;0085;760;S obvoznica BTC HC;QLTC8;Smer 2; ;465948;103176
892;H3;0187;790;Priklj. BTC Leskoškova;QLTC8;Smer 2; ;465947;103155
893;A1;0061;4.610;Ravne AC;QLTC8;;;415220;49541
894;A1;0154;293;Razcep Nanos  - LJ;QLTC8;; ;426355;69074
895;A1;0154;474;Razcep Nanos  - KP;QLTC8;; ;426201;69007
896;A1;0038;6.015;Pletovarje AC;QLTC8;;;533821;128160
897;A1;0054;3.533;Laze AC;QLTC8;;;442776;82229
900;1;0245;19.882;MB Kamnica;QLTC10;; ;547536;158921
901;111;1509;885;Belveder;QLTC8;; ;393283;44297
902;201;0205;3.840;Hrušica;QLTC10;; ;423654;145956
903;215;1162;2.262;Dol pri Trebnjem;QLTC10;; ;502734;87017
904;447;0367;1.135;Žalec TUŠ;QLTC10;; ;512232;124108
905;450;1404;1.130;Rogoza;QLTC10;; ;551056;151534
906;430;0274;3.290;Radizel;QLTC8;; ;550259;147299
907;443;1488;570;Lendava;QLTC10;; ;611364;158108
908;614;1550;1.425;Vrtojba;QLTC8;; ;393438;86386
909;212;1116;1.312;Rakek 2;QLTC10;;;446120;75185
910;685;7495;900;Tekačevo;QLTC10;; ;547438;122332
911;710;0352;2.200;Turnišče 2;QLTC10;; ;565450;140029
912;929;1332;1.290;Spodnje Hoče;QLTC8;; ;548816;150735
913;410;1135;160;Kokrica;QLTC8;; ;450206;125008
914;102;1031;4.865;Staro selo;QLTC10;; ;386506;123947
915;447;0290;10.530;Vransko;QLTC8;; ;496061;122208
916;447;0294;535;Domžale;QLTC10;; ;468242;111353
917;444;0387;985;Ajdovščina;QLTC10;; ;414620;83040
918;104;1139;720;Mengeš;QLTC8;; ;467500;113700
919;448;0224;1.739;Gorenje Kronovo;QLTC10;; ;519474;78825
920;419;1203;3.945;Dolenje Polje;QLTC10;; ;504708;70950
921;227;1423;7.850;Stari Trg pri SG;QLTC8;; ;505029;151370
922;448;0223;500;Mačkovec;QLTC10;; ;515282;76462
923;1;0242;110;Radeljska obvoznica;QLTC10;;;516071;163858
924;210;1392;625;Škofjeloška obvoznica;QLTC10;;;447556;114017
925;215;1490;55;Grm;QLTC10;;;504341;84579
926;6;1377;210;Obvoznica Ilirska Bistrica;QLTC10;;;439718;48701
927;229;1286;1.020;Nova vas pri Ptuju;QLTC10;; ;568386;144691
928;229;1417;1.120;Ptuj;QLTC10;;;567676;143180
929;651;1492;1.590;Mirna Peč 2;QLTC10;;;507390;80711
930;209;1090;4.650;Nomenj;QLTC10;;;423037;128213
931;5;0336;2.665;Leskovec pri Krškem;QLTC10;;;537512;88292
932;5;0334;2.894;Log pri Sevnici;QLTC10;;;525513;95628
934;210;1113;1.545;Podjelovo Brdo;QLTC10;;;425214;106759
935;741;3751;460;Bertoki;QLTC10;;;403209;45563
936;689;6252;270;Zakl;QLTC10;;;567460;131775
937;454;1520;1.866;Pobrežje;QLTC10;;;566948;138361
939;232;1517;1.326;MS VZH obvoznica;QLTC10;;;589445;168199
940;690;1235;5.900;Vareja;QLTC10;;;571451;136701
941;114;0861;400;Ankaranska vpadnica;QLTC8;;;402519;46573
942;NK 5;1395;1.454;Krško obvoznica;QLTC10;;;538361;89635
943;;1146;300;Vrhnika;QLTC8;;;445895;92335
1001;A1;0146;688;Razcep Zadobrova-MB;QLTC8;;;466765;103204
1003;A1;0146;1.000;Razcep Zadobrova-LJvzh;QLTC8;;;467147;103207
1005;A1;0047;2.427;Zadobrova AC;QLTC8;;;467338;103509
1006;A1;0041;7.062;Gotovlje AC;QLTC8;;;508051;124618
1007;A1;0067;3.440;Podmilj AC;QLTC8;; ;489144;115967
1008;A4;0093;5.395;Podlehnik AC;QLTC8;;;567115;134200
1009;A2;0014;181;R Koseze (KR-Brdo);QLTC8;;;458058;103384
1010;H3;0090;1.801;R Koseze (LJsev-Brdo);QLTC8;; ;458285;103688
1011;A2;0113;670;Razcep Koseze-LJsev;QLTC8;;;458292;103695
1012;H3;0178;740;Priklj. Podutik-Koseze;QLTC8;;;458021;103512
1013;A1;0053;3.500;Verd AC;QLTC8;; ;444594;89727
1014;A2;0021;2.490;Hrastje AC;QLTC8;; ;472005;92262
1015;A2;0115;730;Razcep Kozarje-KP;QLTC8;;;457358;99717
1016;A1;0051;131;R Kozarje (LJjug-KP);QLTC8;;;457816;99904
1017;A2;0015;1.765;R Kozarje (LJBrdo-LJjug);QLTC8;; ;457298;100229
1018;A1;0050;3.549;R Malence (LJvzh-LJjug);QLTC8;; ;465687;97380
1019;A2;0020;40;R Malence (LJjug-NM);QLTC8;; ;465535;97076
1020;A1;0119;87;Razcep Malence-NM;QLTC8;;;465698;97376
1021;A2;0025;1.645;Novo mesto V AC;QLTC8;;;515520;76713
1022;A4;0094;7.550;Gruškovje AC;QLTC8;;;566428;126981
1023;A1;0057;890;Goli vrh AC;QLTC8;;;425729;68512
1026;A1;0159;519;Priklj. Kastelec-KP;QLTC8;Smer 1;;411888;48721
1027;A1;0160;915;Razcep Srmin-Škofije;QLTC8;Smer 2;;405269;47528
1028;A1;0161;1.585;Priklj. Črni Kal -LJ;QLTC8;Smer 1;;410693;46506
1029;A1;0039;5.630;Zima AC;QLTC8;;;524741;123923
1030;A1;0039;6.775;Celje Center-V AC;QLTC8;;;523607;123883
1031;A1;0040;6.890;Arja vas AC;QLTC8;;;515319;125338
1032;A2;0008;3.381;Voklo AC;QLTC8;;;456216;120423
1033;A2;0007;5.490;Kranj Z - Kranj V;QLTC8;;;453494;122728
1034;A2;0005;3.070;Ljubno AC;QLTC8;;;442669;130763
1035;A2;0004;6.260;Brezje AC;QLTC8;;;439523;132283
1036;A2;0004;1.530;Radovljica AC;QLTC8;;;436243;135575
1037;A2;0002;3.930;Jesenice V AC;QLTC8;Smer 2;;427477;143751
1039;H4;0451;85;Priklj. Vipava-Razdrto;QLTC8;;;418808;77997
1044;A2;0006;1.410;Podbrezje AC;QLTC8;Smer 2;;444833;128907
1045;A1;0045;2.880;Domžale AC;QLTC8;Smer 1;;470774;110902
1046;H4;0451;430;Priklj. Vipava-NG;QLTC8;;;418764;77680
1047;A5;0812;9.085;Dolinsko AC;QLTC8;;;600366;164621
1048;A5;0813;7.340;Mostje AC;QLTC8;;;607669;163090
1049;A1;0118;165;Priklj. LJ Jug-Malence;QLTC8;;;464916;97303
1050;A5;0806;10.607;Zamarkova AC;QLTC8;Smer 1;;561656;160052
1051;A5;0807;4.303;Lormarje AC;QLTC8;;;565995;158196
1052;A5;0808;4.420;Brengova AC;QLTC8;;;570716;158442
1053;A5;0808;10.574;Cenkova AC;QLTC8;;;575666;160599
1054;A5;0809;895;Dragotinci AC;QLTC8;Smer 2;;578259;161503
1055;A5;0812;3.411;Gančani AC;QLTC8;Smer 1;;595626;167459
1056;A1;0118;875;Priklj. LJ Jug-Kozarje;QLTC8;;;464710;97168
1057;A1;0160;810;Razcep Srmin - LJ;QLTC8;Smer 1;;405281;47525
1058;A1;0161;410;Priklj. Črni Kal - KP;QLTC10;Smer 1;;410703;46505
2005;A1;0036;4.000;Polskava AC;QLTC8;;;548131;142306
2006;A1;0036;8.000;Sl.Bistrica AC;QLTC8;;;545528;139299
2009;A5;0811;2.100;Rakičan AC;QLTC8;; ;590651;166829
2010;A5;0816;7.700;Pince AC;QLTC8;; ;616079;154924
2101;A1;0060;6.009;Kozina AC;QLTC8;; ;417997;53545
2105;A1;0056;4.000;Studenec AC;QLTC8;; ;433453;69655
2106;A1;0056;10.000;Razdrto AC;QLTC8;; ;427551;69308
2109;A1;0059;1.510;Divača AC;QLTC8;;;420132;60409
2110;H4;0374;419;Nanos HC;QLTC8;;;426024;69025
2179;H3;0085;255;SV Obvoznica;QLTC8;; ;466456;103180
2302;A2;0028;9.500;Brežice AC;QLTC8;; ;545346;83972
2400;H3;0085;450;SV Obvoznica;QLTC8;; ;466259;103175
2401;A1;0047;1.940;Sneberje AC;QLTC8;;;467471;103977
2402;A2;0014;1.417;Grič AC;QLTC8;;;457749;102188
2403;A1;0016;351;Dolgi most AC;QLTC8;;;458361;99691
2404;A1;0051;1.700;Majlond AC;QLTC8;;;456821;98889
2408;A1;0019;190;Debeli hrib AC;QLTC8;;;465136;97162
2409;A1;0018;1.215;Barjanska AC;QLTC8;;;463686;97438
3001;D2;;;Rateče;QLTC8;;;401689;150922
3002;D2;;;Gozd Martuljek;QLTC8;;;412523;149598
3003;D6/D1;;;Predor Valeta;QLTC8;;;390611;42779
3004;D8;;;Rajnkovec;QLTC8;;;549623;119585
3005;D6/D1;;;Žusterna;QLTC8;;;399557;45825
3006;D7;;;Solkan;QLTC8;;;394982;93791
3007;D3;;;Dravograd;QLTC8;;;501168;161245
3008;G17;;;Ljutomer;QLTC8;;;591801;154018
3009;R3;;;Ajdovščina;QLTC8;;;414023;84211
3010;G14;;;Bevče;QLTC8;;;510891;134283
3011;R3;;;Modrej;QLTC8;;;403343;113977
3012;D6;;;Škofije;QLTC8;;;405931;49507
3013;G14;;;Grahovo;QLTC8;;;455692;69591
3014;R23/R24;;;Dravograd (Meza);QLTC8;;;499252;132980
3015;R8;;;Mozirje (Ljubija);QLTC8;;;499247;132985
3016;G14;;;Huda luknja;QLTC8;;;513363;139725
3017;D3;;;Limbuš;QLTC8;;;544263;157820
3019;D8;;;Podčetrtek;CIMATIC D2;;;546708;114196
3020;D8;;;Rogaška Slatina;CIMATIC D2;;;549345;120245
3021;D6;;;Sečoveljske soline ;CIMATIC D2;;;391269;40042
3022;D1;;;Celje, Parkirišče P+R;CIMATIC D2;;;520627;120569
3023;R25;;;Velenje (pri Gorenju);CIMATIC D2;;;508002;135536
3024;R26;;;Zagorje (Rogličev most);CIMATIC D2;;;496403;111592
;;;;;;;;;
Število;Tip avtomatskega števca prometa;;;;;;;;
302;QLTC8            Števec QLTC8  loči 10 kategorij vozil;;;;;;;;
418;QLTC10          Števec QLTC10  loči 10 kategorij vozil;;;;;;;;
3;QLTC44          Števec QLTC44  prešteje vsa vozila, ne loči med kategorijami;;;;;;;;
197;MWTC1           Občasno štetje  z avt. števcem;;;;;;;;
6;QLTC*             Šteto z različni tipi števcev v letu 2023, vendar s polno strukturo;;;;;;;;
9;QLTC              Šteto z različni tipi števcev v letu 2023;;;;;;;;
6;CIMATIC D2     Števci kolesarjev;;;;;;;;
11;Prazno            Števno mesto je trenutno prazno (z avt. števcem šteto v preteklih letih);;;;;;;;
;;;;;;;;;
950;Skupaj avtomatskih števnih mest;;;;;;;;
14;Skupaj ročnih števnih mest;;;;;;;;
964;Skupaj števnih mest;;;;;;;;
;;;;;;;;;
LEGENDA;;;;;;;;;
Števno mesto;;;Oznaka števnega mesta;;;;;;
Štev. ceste;;;Oznaka ceste;;;;;;
Štev. odseka;;;Oznaka odseka ceste;;;;;;
Štev. točka;;;Stacionaža števnega mesta;;;;;;
Ime števnega mesta;;;Ime števnega mesta;;;;;;
Tip štetja;;;QLTC8           ;;;;;;
;;;QLTC10           ;;;;;;
;;;QLTC44;;;;;;
;;;MWTC1;;;;;;
;;;CIMATIC D2 ;;;;;;
;;;ROČNO       ;;;;;;
Šteje se ena smer;;;v primeru polovičnega števca navedena smer, v kateri se šteje promet;;;;;;
Leto roč.(avt.) štetja;;;11x4 Leto zadnjega ročnega štetja (2011) in število štetij v letu (4);;;;;;
;;;09 QLD6 leto zadnjega avtomatskega štetja (2009) s števcem tipa QLD6;;;;;;
;;;2022_14 Leto zadnjega občasnega štetja z avt. števcem (2022), število dni (14 ) ;;;;;;
E,N  koordinata;;;E,N koordinata števnega mesta;;;;;;
;;;;;;;;;
;;;;;;;;;
;;;;;;;;;
;;;;;;;;;
;;;;;;;;;
